{
  "objectExamples": {
    "StudentAttendanceTimeList": {
      "pesc": {
        "summary": "PESC notation for StudentAttendanceTimeList",
        "value": {
          "StudentAttendanceTimeList": {
            "RefId": "2FFB63B4-CFEF-4820-8501-E7D1E54555CB",
            "StudentPersonalRefId": "D3E34B35-9D75-101A-8C3D-00AA001A1652",
            "SchoolInfoRefId": "CA285746-359D-7510-1A8C-36432A901A16",
            "Date": "2002-11-01",
            "SchoolYear": "2003",
            "AttendanceTimes": {
              "AttendanceTime": [
                {
                  "AttendanceCode": {
                    "Code": "100"
                  },
                  "AttendanceStatus": "01",
                  "StartTime": "09:00:00",
                  "EndTime": "11:00:00",
                  "AttendanceNote": ""
                },
                {
                  "AttendanceCode": {
                    "Code": "200",
                    "OtherCodeList": {
                      "OtherCode": [
                        {
                          "Codeset": "Local",
                          "value": "S"
                        },
                        {
                          "Codeset": "Text",
                          "value": "C"
                        }
                      ]
                    }
                  },
                  "AttendanceStatus": "01",
                  "StartTime": "11:00:00",
                  "EndTime": "12:05:00",
                  "DurationValue": "0.167",
                  "AttendanceNote": "Left for Orthodontist appt. and returned to school afterward"
                },
                {
                  "AttendanceCode": {
                    "Code": "100"
                  },
                  "AttendanceStatus": "01",
                  "StartTime": "12:05:00",
                  "EndTime": "15:30:00",
                  "AttendanceNote": ""
                }
              ]
            }
          }
        }
      },
      "goessner": {
        "summary": "Goessner notation for StudentAttendanceTimeList",
        "value": {
          "StudentAttendanceTimeList": {
            "@RefId": "2FFB63B4-CFEF-4820-8501-E7D1E54555CB",
            "StudentPersonalRefId": "D3E34B35-9D75-101A-8C3D-00AA001A1652",
            "SchoolInfoRefId": "CA285746-359D-7510-1A8C-36432A901A16",
            "Date": "2002-11-01",
            "SchoolYear": "2003",
            "AttendanceTimes": {
              "AttendanceTime": [
                {
                  "AttendanceCode": {
                    "Code": "100"
                  },
                  "AttendanceStatus": "01",
                  "StartTime": "09:00:00",
                  "EndTime": "11:00:00",
                  "AttendanceNote": ""
                },
                {
                  "AttendanceCode": {
                    "Code": "200",
                    "OtherCodeList": {
                      "OtherCode": [
                        {
                          "@Codeset": "Local",
                          "#text": "S"
                        },
                        {
                          "@Codeset": "Text",
                          "#text": "C"
                        }
                      ]
                    }
                  },
                  "AttendanceStatus": "01",
                  "StartTime": "11:00:00",
                  "EndTime": "12:05:00",
                  "DurationValue": "0.167",
                  "AttendanceNote": "Left for Orthodontist appt. and returned to school afterward"
                },
                {
                  "AttendanceCode": {
                    "Code": "100"
                  },
                  "AttendanceStatus": "01",
                  "StartTime": "12:05:00",
                  "EndTime": "15:30:00",
                  "AttendanceNote": ""
                }
              ]
            }
          }
        }
      },
      "xml": {
        "summary": "XML StudentAttendanceTimeList",
        "value": "<StudentAttendanceTimeList RefId=\"2FFB63B4-CFEF-4820-8501-E7D1E54555CB\">\n  <StudentPersonalRefId>D3E34B35-9D75-101A-8C3D-00AA001A1652</StudentPersonalRefId>\n  <SchoolInfoRefId>CA285746-359D-7510-1A8C-36432A901A16</SchoolInfoRefId>\n  <Date>2002-11-01</Date>\n  <SchoolYear>2003</SchoolYear>\n  <AttendanceTimes>\n    <AttendanceTime>\n      <AttendanceCode>\n        <Code>100</Code>\n      </AttendanceCode>\n      <AttendanceStatus>01</AttendanceStatus>\n      <StartTime>09:00:00</StartTime>\n      <EndTime>11:00:00</EndTime>\n      <AttendanceNote></AttendanceNote>\n    </AttendanceTime>\n    <AttendanceTime>\n      <AttendanceCode>\n        <Code>200</Code>\n        <OtherCodeList>\n          <OtherCode Codeset=\"Local\">S</OtherCode>\n          <OtherCode Codeset=\"Text\">C</OtherCode>\n        </OtherCodeList>\n      </AttendanceCode>\n      <AttendanceStatus>01</AttendanceStatus>\n      <StartTime>11:00:00</StartTime>\n      <EndTime>12:05:00</EndTime>\n      <DurationValue>0.167</DurationValue>\n      <AttendanceNote>Left for Orthodontist appt. and returned to school afterward</AttendanceNote>\n    </AttendanceTime>\n    <AttendanceTime>\n      <AttendanceCode>\n        <Code>100</Code>\n      </AttendanceCode>\n      <AttendanceStatus>01</AttendanceStatus>\n      <StartTime>12:05:00</StartTime>\n      <EndTime>15:30:00</EndTime>\n      <AttendanceNote></AttendanceNote>\n    </AttendanceTime>\n  </AttendanceTimes>\n</StudentAttendanceTimeList>"
      }
    },
    "StudentAttendanceTimeLists": {
      "pesc": {
        "summary": "PESC notation for StudentAttendanceTimeLists",
        "value": {
          "StudentAttendanceTimeLists": {
            "StudentAttendanceTimeList": {
              "RefId": "2FFB63B4-CFEF-4820-8501-E7D1E54555CB",
              "StudentPersonalRefId": "D3E34B35-9D75-101A-8C3D-00AA001A1652",
              "SchoolInfoRefId": "CA285746-359D-7510-1A8C-36432A901A16",
              "Date": "2002-11-01",
              "SchoolYear": "2003",
              "AttendanceTimes": {
                "AttendanceTime": [
                  {
                    "AttendanceCode": {
                      "Code": "100"
                    },
                    "AttendanceStatus": "01",
                    "StartTime": "09:00:00",
                    "EndTime": "11:00:00",
                    "AttendanceNote": ""
                  },
                  {
                    "AttendanceCode": {
                      "Code": "200",
                      "OtherCodeList": {
                        "OtherCode": [
                          {
                            "Codeset": "Local",
                            "value": "S"
                          },
                          {
                            "Codeset": "Text",
                            "value": "C"
                          }
                        ]
                      }
                    },
                    "AttendanceStatus": "01",
                    "StartTime": "11:00:00",
                    "EndTime": "12:05:00",
                    "DurationValue": "0.167",
                    "AttendanceNote": "Left for Orthodontist appt. and returned to school afterward"
                  },
                  {
                    "AttendanceCode": {
                      "Code": "100"
                    },
                    "AttendanceStatus": "01",
                    "StartTime": "12:05:00",
                    "EndTime": "15:30:00",
                    "AttendanceNote": ""
                  }
                ]
              }
            }
          }
        }
      },
      "goessner": {
        "summary": "Goessner notation for StudentAttendanceTimeLists",
        "value": {
          "StudentAttendanceTimeLists": {
            "StudentAttendanceTimeList": {
              "@RefId": "2FFB63B4-CFEF-4820-8501-E7D1E54555CB",
              "StudentPersonalRefId": "D3E34B35-9D75-101A-8C3D-00AA001A1652",
              "SchoolInfoRefId": "CA285746-359D-7510-1A8C-36432A901A16",
              "Date": "2002-11-01",
              "SchoolYear": "2003",
              "AttendanceTimes": {
                "AttendanceTime": [
                  {
                    "AttendanceCode": {
                      "Code": "100"
                    },
                    "AttendanceStatus": "01",
                    "StartTime": "09:00:00",
                    "EndTime": "11:00:00",
                    "AttendanceNote": ""
                  },
                  {
                    "AttendanceCode": {
                      "Code": "200",
                      "OtherCodeList": {
                        "OtherCode": [
                          {
                            "@Codeset": "Local",
                            "#text": "S"
                          },
                          {
                            "@Codeset": "Text",
                            "#text": "C"
                          }
                        ]
                      }
                    },
                    "AttendanceStatus": "01",
                    "StartTime": "11:00:00",
                    "EndTime": "12:05:00",
                    "DurationValue": "0.167",
                    "AttendanceNote": "Left for Orthodontist appt. and returned to school afterward"
                  },
                  {
                    "AttendanceCode": {
                      "Code": "100"
                    },
                    "AttendanceStatus": "01",
                    "StartTime": "12:05:00",
                    "EndTime": "15:30:00",
                    "AttendanceNote": ""
                  }
                ]
              }
            }
          }
        }
      },
      "xml": {
        "summary": "XML StudentAttendanceTimeLists",
        "value": "<StudentAttendanceTimeLists>\n  <StudentAttendanceTimeList RefId=\"2FFB63B4-CFEF-4820-8501-E7D1E54555CB\">\n    <StudentPersonalRefId>D3E34B35-9D75-101A-8C3D-00AA001A1652</StudentPersonalRefId>\n    <SchoolInfoRefId>CA285746-359D-7510-1A8C-36432A901A16</SchoolInfoRefId>\n    <Date>2002-11-01</Date>\n    <SchoolYear>2003</SchoolYear>\n    <AttendanceTimes>\n      <AttendanceTime>\n        <AttendanceCode>\n          <Code>100</Code>\n        </AttendanceCode>\n        <AttendanceStatus>01</AttendanceStatus>\n        <StartTime>09:00:00</StartTime>\n        <EndTime>11:00:00</EndTime>\n        <AttendanceNote></AttendanceNote>\n      </AttendanceTime>\n      <AttendanceTime>\n        <AttendanceCode>\n          <Code>200</Code>\n          <OtherCodeList>\n            <OtherCode Codeset=\"Local\">S</OtherCode>\n            <OtherCode Codeset=\"Text\">C</OtherCode>\n          </OtherCodeList>\n        </AttendanceCode>\n        <AttendanceStatus>01</AttendanceStatus>\n        <StartTime>11:00:00</StartTime>\n        <EndTime>12:05:00</EndTime>\n        <DurationValue>0.167</DurationValue>\n        <AttendanceNote>Left for Orthodontist appt. and returned to school afterward</AttendanceNote>\n      </AttendanceTime>\n      <AttendanceTime>\n        <AttendanceCode>\n          <Code>100</Code>\n        </AttendanceCode>\n        <AttendanceStatus>01</AttendanceStatus>\n        <StartTime>12:05:00</StartTime>\n        <EndTime>15:30:00</EndTime>\n        <AttendanceNote></AttendanceNote>\n      </AttendanceTime>\n    </AttendanceTimes>\n  </StudentAttendanceTimeList>\n</StudentAttendanceTimeLists>"
      }
    },
    "StudentAttendanceSummary": {
      "pesc": {
        "summary": "PESC notation for StudentAttendanceSummary",
        "value": {
          "StudentAttendanceSummary": {
            "StudentAttendanceSummaryRefId": "D3476FAE-8647-384B-DA24-31EDA3583211",
            "StudentPersonalRefId": "7C834EA9-EDA1-2090-347F-83297E1C290C",
            "SchoolInfoRefId": "CA285746-359D-7510-1A8C-36432A901A16",
            "SchoolYear": "2015",
            "StartDate": "2014-08-30",
            "EndDate": "2015-06-10",
            "StartDay": "1",
            "EndDay": "180",
            "FTE": "1.00",
            "DaysAttended": "178",
            "ExcusedAbsences": "2",
            "UnexcusedAbsences": "0",
            "DaysTardy": "3",
            "DaysInMembership": "180"
          }
        }
      },
      "goessner": {
        "summary": "Goessner notation for StudentAttendanceSummary",
        "value": {
          "StudentAttendanceSummary": {
            "@StudentAttendanceSummaryRefId": "D3476FAE-8647-384B-DA24-31EDA3583211",
            "StudentPersonalRefId": "7C834EA9-EDA1-2090-347F-83297E1C290C",
            "SchoolInfoRefId": "CA285746-359D-7510-1A8C-36432A901A16",
            "SchoolYear": "2015",
            "StartDate": "2014-08-30",
            "EndDate": "2015-06-10",
            "StartDay": "1",
            "EndDay": "180",
            "FTE": "1.00",
            "DaysAttended": "178",
            "ExcusedAbsences": "2",
            "UnexcusedAbsences": "0",
            "DaysTardy": "3",
            "DaysInMembership": "180"
          }
        }
      },
      "xml": {
        "summary": "XML StudentAttendanceSummary",
        "value": "<StudentAttendanceSummary StudentAttendanceSummaryRefId=\"D3476FAE-8647-384B-DA24-31EDA3583211\">\n  <StudentPersonalRefId>7C834EA9-EDA1-2090-347F-83297E1C290C</StudentPersonalRefId>\n  <SchoolInfoRefId>CA285746-359D-7510-1A8C-36432A901A16</SchoolInfoRefId>\n  <SchoolYear>2015</SchoolYear>\n  <StartDate>2014-08-30</StartDate>\n  <EndDate>2015-06-10</EndDate>\n  <StartDay>1</StartDay>\n  <EndDay>180</EndDay>\n  <FTE>1.00</FTE>\n  <DaysAttended>178</DaysAttended>\n  <ExcusedAbsences>2</ExcusedAbsences>\n  <UnexcusedAbsences>0</UnexcusedAbsences>\n  <DaysTardy>3</DaysTardy>\n  <DaysInMembership>180</DaysInMembership>\n</StudentAttendanceSummary>"
      }
    },
    "StudentAttendanceSummarys": {
      "pesc": {
        "summary": "PESC notation for StudentAttendanceSummarys",
        "value": {
          "StudentAttendanceSummarys": {
            "StudentAttendanceSummary": {
              "StudentAttendanceSummaryRefId": "D3476FAE-8647-384B-DA24-31EDA3583211",
              "StudentPersonalRefId": "7C834EA9-EDA1-2090-347F-83297E1C290C",
              "SchoolInfoRefId": "CA285746-359D-7510-1A8C-36432A901A16",
              "SchoolYear": "2015",
              "StartDate": "2014-08-30",
              "EndDate": "2015-06-10",
              "StartDay": "1",
              "EndDay": "180",
              "FTE": "1.00",
              "DaysAttended": "178",
              "ExcusedAbsences": "2",
              "UnexcusedAbsences": "0",
              "DaysTardy": "3",
              "DaysInMembership": "180"
            }
          }
        }
      },
      "goessner": {
        "summary": "Goessner notation for StudentAttendanceSummarys",
        "value": {
          "StudentAttendanceSummarys": {
            "StudentAttendanceSummary": {
              "@StudentAttendanceSummaryRefId": "D3476FAE-8647-384B-DA24-31EDA3583211",
              "StudentPersonalRefId": "7C834EA9-EDA1-2090-347F-83297E1C290C",
              "SchoolInfoRefId": "CA285746-359D-7510-1A8C-36432A901A16",
              "SchoolYear": "2015",
              "StartDate": "2014-08-30",
              "EndDate": "2015-06-10",
              "StartDay": "1",
              "EndDay": "180",
              "FTE": "1.00",
              "DaysAttended": "178",
              "ExcusedAbsences": "2",
              "UnexcusedAbsences": "0",
              "DaysTardy": "3",
              "DaysInMembership": "180"
            }
          }
        }
      },
      "xml": {
        "summary": "XML StudentAttendanceSummarys",
        "value": "<StudentAttendanceSummarys>\n  <StudentAttendanceSummary StudentAttendanceSummaryRefId=\"D3476FAE-8647-384B-DA24-31EDA3583211\">\n    <StudentPersonalRefId>7C834EA9-EDA1-2090-347F-83297E1C290C</StudentPersonalRefId>\n    <SchoolInfoRefId>CA285746-359D-7510-1A8C-36432A901A16</SchoolInfoRefId>\n    <SchoolYear>2015</SchoolYear>\n    <StartDate>2014-08-30</StartDate>\n    <EndDate>2015-06-10</EndDate>\n    <StartDay>1</StartDay>\n    <EndDay>180</EndDay>\n    <FTE>1.00</FTE>\n    <DaysAttended>178</DaysAttended>\n    <ExcusedAbsences>2</ExcusedAbsences>\n    <UnexcusedAbsences>0</UnexcusedAbsences>\n    <DaysTardy>3</DaysTardy>\n    <DaysInMembership>180</DaysInMembership>\n  </StudentAttendanceSummary>\n</StudentAttendanceSummarys>"
      }
    },
    "StudentDailyAttendance": {
      "pesc": {
        "summary": "PESC notation for StudentDailyAttendance",
        "value": {
          "StudentDailyAttendance": {
            "RefId": "2FFB63B4-CFEF-4820-8501-E7D1E54555CB",
            "StudentPersonalRefId": "D3E34B35-9D75-101A-8C3D-00AA001A1652",
            "SchoolInfoRefId": "CA285746-359D-7510-1A8C-36432A901A16",
            "Date": "2002-11-01",
            "SchoolYear": "2003",
            "DayValue": "Partial",
            "AttendanceCode": {
              "Code": "200",
              "OtherCodeList": {
                "OtherCode": [
                  {
                    "Codeset": "Local",
                    "value": "S"
                  },
                  {
                    "Codeset": "Text",
                    "value": "C"
                  }
                ]
              }
            },
            "AttendanceStatus": "01",
            "TimeIn": "13:30:00",
            "TimeOut": "12:05:00",
            "AttendanceNote": "Left for Orthodontist appt. and returned to school afterward"
          }
        }
      },
      "goessner": {
        "summary": "Goessner notation for StudentDailyAttendance",
        "value": {
          "StudentDailyAttendance": {
            "@RefId": "2FFB63B4-CFEF-4820-8501-E7D1E54555CB",
            "StudentPersonalRefId": "D3E34B35-9D75-101A-8C3D-00AA001A1652",
            "SchoolInfoRefId": "CA285746-359D-7510-1A8C-36432A901A16",
            "Date": "2002-11-01",
            "SchoolYear": "2003",
            "DayValue": "Partial",
            "AttendanceCode": {
              "Code": "200",
              "OtherCodeList": {
                "OtherCode": [
                  {
                    "@Codeset": "Local",
                    "#text": "S"
                  },
                  {
                    "@Codeset": "Text",
                    "#text": "C"
                  }
                ]
              }
            },
            "AttendanceStatus": "01",
            "TimeIn": "13:30:00",
            "TimeOut": "12:05:00",
            "AttendanceNote": "Left for Orthodontist appt. and returned to school afterward"
          }
        }
      },
      "xml": {
        "summary": "XML StudentDailyAttendance",
        "value": "<StudentDailyAttendance RefId=\"2FFB63B4-CFEF-4820-8501-E7D1E54555CB\">\n  <StudentPersonalRefId>D3E34B35-9D75-101A-8C3D-00AA001A1652</StudentPersonalRefId>\n  <SchoolInfoRefId>CA285746-359D-7510-1A8C-36432A901A16</SchoolInfoRefId>\n  <Date>2002-11-01</Date>\n  <SchoolYear>2003</SchoolYear>\n  <DayValue>Partial</DayValue>\n  <AttendanceCode>\n    <Code>200</Code>\n    <OtherCodeList>\n      <OtherCode Codeset=\"Local\">S</OtherCode>\n      <OtherCode Codeset=\"Text\">C</OtherCode>\n    </OtherCodeList>\n  </AttendanceCode>\n  <AttendanceStatus>01</AttendanceStatus>\n  <TimeIn>13:30:00</TimeIn>\n  <TimeOut>12:05:00</TimeOut>\n  <AttendanceNote>Left for Orthodontist appt. and returned to school afterward</AttendanceNote>\n</StudentDailyAttendance>"
      }
    },
    "StudentDailyAttendances": {
      "pesc": {
        "summary": "PESC notation for StudentDailyAttendances",
        "value": {
          "StudentDailyAttendances": {
            "StudentDailyAttendance": {
              "RefId": "2FFB63B4-CFEF-4820-8501-E7D1E54555CB",
              "StudentPersonalRefId": "D3E34B35-9D75-101A-8C3D-00AA001A1652",
              "SchoolInfoRefId": "CA285746-359D-7510-1A8C-36432A901A16",
              "Date": "2002-11-01",
              "SchoolYear": "2003",
              "DayValue": "Partial",
              "AttendanceCode": {
                "Code": "200",
                "OtherCodeList": {
                  "OtherCode": [
                    {
                      "Codeset": "Local",
                      "value": "S"
                    },
                    {
                      "Codeset": "Text",
                      "value": "C"
                    }
                  ]
                }
              },
              "AttendanceStatus": "01",
              "TimeIn": "13:30:00",
              "TimeOut": "12:05:00",
              "AttendanceNote": "Left for Orthodontist appt. and returned to school afterward"
            }
          }
        }
      },
      "goessner": {
        "summary": "Goessner notation for StudentDailyAttendances",
        "value": {
          "StudentDailyAttendances": {
            "StudentDailyAttendance": {
              "@RefId": "2FFB63B4-CFEF-4820-8501-E7D1E54555CB",
              "StudentPersonalRefId": "D3E34B35-9D75-101A-8C3D-00AA001A1652",
              "SchoolInfoRefId": "CA285746-359D-7510-1A8C-36432A901A16",
              "Date": "2002-11-01",
              "SchoolYear": "2003",
              "DayValue": "Partial",
              "AttendanceCode": {
                "Code": "200",
                "OtherCodeList": {
                  "OtherCode": [
                    {
                      "@Codeset": "Local",
                      "#text": "S"
                    },
                    {
                      "@Codeset": "Text",
                      "#text": "C"
                    }
                  ]
                }
              },
              "AttendanceStatus": "01",
              "TimeIn": "13:30:00",
              "TimeOut": "12:05:00",
              "AttendanceNote": "Left for Orthodontist appt. and returned to school afterward"
            }
          }
        }
      },
      "xml": {
        "summary": "XML StudentDailyAttendances",
        "value": "<StudentDailyAttendances>\n  <StudentDailyAttendance RefId=\"2FFB63B4-CFEF-4820-8501-E7D1E54555CB\">\n    <StudentPersonalRefId>D3E34B35-9D75-101A-8C3D-00AA001A1652</StudentPersonalRefId>\n    <SchoolInfoRefId>CA285746-359D-7510-1A8C-36432A901A16</SchoolInfoRefId>\n    <Date>2002-11-01</Date>\n    <SchoolYear>2003</SchoolYear>\n    <DayValue>Partial</DayValue>\n    <AttendanceCode>\n      <Code>200</Code>\n      <OtherCodeList>\n        <OtherCode Codeset=\"Local\">S</OtherCode>\n        <OtherCode Codeset=\"Text\">C</OtherCode>\n      </OtherCodeList>\n    </AttendanceCode>\n    <AttendanceStatus>01</AttendanceStatus>\n    <TimeIn>13:30:00</TimeIn>\n    <TimeOut>12:05:00</TimeOut>\n    <AttendanceNote>Left for Orthodontist appt. and returned to school afterward</AttendanceNote>\n  </StudentDailyAttendance>\n</StudentDailyAttendances>"
      }
    },
    "StudentPeriodAttendance": {
      "pesc": {
        "summary": "PESC notation for StudentPeriodAttendance",
        "value": {
          "StudentPeriodAttendance": {
            "RefId": "98157AA0-13BA-8C3D-00AA-012B359D7512",
            "StudentPersonalRefId": "A75A0010-1A8C-301D-02E3-A05B359D0A00",
            "SchoolInfoRefId": "11737EA4-301C-ADCA-75C8-7214A7C46BDB",
            "Date": "2001-03-05",
            "TimetablePeriod": "P4",
            "AttendanceCode": {
              "Code": "802"
            },
            "AttendanceStatus": "01"
          }
        }
      },
      "goessner": {
        "summary": "Goessner notation for StudentPeriodAttendance",
        "value": {
          "StudentPeriodAttendance": {
            "@RefId": "98157AA0-13BA-8C3D-00AA-012B359D7512",
            "StudentPersonalRefId": "A75A0010-1A8C-301D-02E3-A05B359D0A00",
            "SchoolInfoRefId": "11737EA4-301C-ADCA-75C8-7214A7C46BDB",
            "Date": "2001-03-05",
            "TimetablePeriod": "P4",
            "AttendanceCode": {
              "Code": "802"
            },
            "AttendanceStatus": "01"
          }
        }
      },
      "xml": {
        "summary": "XML StudentPeriodAttendance",
        "value": "<StudentPeriodAttendance RefId=\"98157AA0-13BA-8C3D-00AA-012B359D7512\">\n  <StudentPersonalRefId>A75A0010-1A8C-301D-02E3-A05B359D0A00</StudentPersonalRefId>\n  <SchoolInfoRefId>11737EA4-301C-ADCA-75C8-7214A7C46BDB</SchoolInfoRefId>\n  <Date>2001-03-05</Date>\n  <TimetablePeriod>P4</TimetablePeriod>\n  <AttendanceCode>\n    <Code>802</Code>\n  </AttendanceCode>\n  <AttendanceStatus>01</AttendanceStatus>\n</StudentPeriodAttendance>"
      }
    },
    "StudentPeriodAttendances": {
      "pesc": {
        "summary": "PESC notation for StudentPeriodAttendances",
        "value": {
          "StudentPeriodAttendances": {
            "StudentPeriodAttendance": {
              "RefId": "98157AA0-13BA-8C3D-00AA-012B359D7512",
              "StudentPersonalRefId": "A75A0010-1A8C-301D-02E3-A05B359D0A00",
              "SchoolInfoRefId": "11737EA4-301C-ADCA-75C8-7214A7C46BDB",
              "Date": "2001-03-05",
              "TimetablePeriod": "P4",
              "AttendanceCode": {
                "Code": "802"
              },
              "AttendanceStatus": "01"
            }
          }
        }
      },
      "goessner": {
        "summary": "Goessner notation for StudentPeriodAttendances",
        "value": {
          "StudentPeriodAttendances": {
            "StudentPeriodAttendance": {
              "@RefId": "98157AA0-13BA-8C3D-00AA-012B359D7512",
              "StudentPersonalRefId": "A75A0010-1A8C-301D-02E3-A05B359D0A00",
              "SchoolInfoRefId": "11737EA4-301C-ADCA-75C8-7214A7C46BDB",
              "Date": "2001-03-05",
              "TimetablePeriod": "P4",
              "AttendanceCode": {
                "Code": "802"
              },
              "AttendanceStatus": "01"
            }
          }
        }
      },
      "xml": {
        "summary": "XML StudentPeriodAttendances",
        "value": "<StudentPeriodAttendances>\n  <StudentPeriodAttendance RefId=\"98157AA0-13BA-8C3D-00AA-012B359D7512\">\n    <StudentPersonalRefId>A75A0010-1A8C-301D-02E3-A05B359D0A00</StudentPersonalRefId>\n    <SchoolInfoRefId>11737EA4-301C-ADCA-75C8-7214A7C46BDB</SchoolInfoRefId>\n    <Date>2001-03-05</Date>\n    <TimetablePeriod>P4</TimetablePeriod>\n    <AttendanceCode>\n      <Code>802</Code>\n    </AttendanceCode>\n    <AttendanceStatus>01</AttendanceStatus>\n  </StudentPeriodAttendance>\n</StudentPeriodAttendances>"
      }
    },
    "SessionInfo": {
      "pesc": {
        "summary": "PESC notation for SessionInfo",
        "value": {
          "SessionInfo": {
            "RefId": "98157AA0-13BA-8C3D-00AA-012B359D7512",
            "SchoolInfoRefId": "11737EA4-301C-ADCA-75C8-7214A7C46BDB",
            "TimeTableCellRefId": "A75A0010-1A8C-301D-02E3-A05B359D0A00",
            "SchoolYear": "2008",
            "LocalId": "2",
            "TimeTableSubjectLocalId": "10MA1",
            "SchoolLocalId": "01991",
            "StaffPersonalLocalId": "SMI009",
            "RoomNumber": "R08",
            "DayId": "1",
            "PeriodId": "5",
            "SessionDate": "2016-10-10",
            "StartTime": "12:05:00",
            "FinishTime": "13:30:00",
            "RollMarked": "Y"
          }
        }
      },
      "goessner": {
        "summary": "Goessner notation for SessionInfo",
        "value": {
          "SessionInfo": {
            "@RefId": "98157AA0-13BA-8C3D-00AA-012B359D7512",
            "SchoolInfoRefId": "11737EA4-301C-ADCA-75C8-7214A7C46BDB",
            "TimeTableCellRefId": "A75A0010-1A8C-301D-02E3-A05B359D0A00",
            "SchoolYear": "2008",
            "LocalId": "2",
            "TimeTableSubjectLocalId": "10MA1",
            "SchoolLocalId": "01991",
            "StaffPersonalLocalId": "SMI009",
            "RoomNumber": "R08",
            "DayId": "1",
            "PeriodId": "5",
            "SessionDate": "2016-10-10",
            "StartTime": "12:05:00",
            "FinishTime": "13:30:00",
            "RollMarked": "Y"
          }
        }
      },
      "xml": {
        "summary": "XML SessionInfo",
        "value": "<SessionInfo RefId=\"98157AA0-13BA-8C3D-00AA-012B359D7512\">\n  <SchoolInfoRefId>11737EA4-301C-ADCA-75C8-7214A7C46BDB</SchoolInfoRefId>\n  <TimeTableCellRefId>A75A0010-1A8C-301D-02E3-A05B359D0A00</TimeTableCellRefId>\n  <SchoolYear>2008</SchoolYear>\n  <LocalId>2</LocalId>\n  <TimeTableSubjectLocalId>10MA1</TimeTableSubjectLocalId>\n  <SchoolLocalId>01991</SchoolLocalId>\n  <StaffPersonalLocalId>SMI009</StaffPersonalLocalId>\n  <RoomNumber>R08</RoomNumber>\n  <DayId>1</DayId>\n  <PeriodId>5</PeriodId>\n  <SessionDate>2016-10-10</SessionDate>\n  <StartTime>12:05:00</StartTime>\n  <FinishTime>13:30:00</FinishTime>\n  <RollMarked>Y</RollMarked>\n</SessionInfo>"
      }
    },
    "SessionInfos": {
      "pesc": {
        "summary": "PESC notation for SessionInfos",
        "value": {
          "SessionInfos": {
            "SessionInfo": {
              "RefId": "98157AA0-13BA-8C3D-00AA-012B359D7512",
              "SchoolInfoRefId": "11737EA4-301C-ADCA-75C8-7214A7C46BDB",
              "TimeTableCellRefId": "A75A0010-1A8C-301D-02E3-A05B359D0A00",
              "SchoolYear": "2008",
              "LocalId": "2",
              "TimeTableSubjectLocalId": "10MA1",
              "SchoolLocalId": "01991",
              "StaffPersonalLocalId": "SMI009",
              "RoomNumber": "R08",
              "DayId": "1",
              "PeriodId": "5",
              "SessionDate": "2016-10-10",
              "StartTime": "12:05:00",
              "FinishTime": "13:30:00",
              "RollMarked": "Y"
            }
          }
        }
      },
      "goessner": {
        "summary": "Goessner notation for SessionInfos",
        "value": {
          "SessionInfos": {
            "SessionInfo": {
              "@RefId": "98157AA0-13BA-8C3D-00AA-012B359D7512",
              "SchoolInfoRefId": "11737EA4-301C-ADCA-75C8-7214A7C46BDB",
              "TimeTableCellRefId": "A75A0010-1A8C-301D-02E3-A05B359D0A00",
              "SchoolYear": "2008",
              "LocalId": "2",
              "TimeTableSubjectLocalId": "10MA1",
              "SchoolLocalId": "01991",
              "StaffPersonalLocalId": "SMI009",
              "RoomNumber": "R08",
              "DayId": "1",
              "PeriodId": "5",
              "SessionDate": "2016-10-10",
              "StartTime": "12:05:00",
              "FinishTime": "13:30:00",
              "RollMarked": "Y"
            }
          }
        }
      },
      "xml": {
        "summary": "XML SessionInfos",
        "value": "<SessionInfos>\n  <SessionInfo RefId=\"98157AA0-13BA-8C3D-00AA-012B359D7512\">\n    <SchoolInfoRefId>11737EA4-301C-ADCA-75C8-7214A7C46BDB</SchoolInfoRefId>\n    <TimeTableCellRefId>A75A0010-1A8C-301D-02E3-A05B359D0A00</TimeTableCellRefId>\n    <SchoolYear>2008</SchoolYear>\n    <LocalId>2</LocalId>\n    <TimeTableSubjectLocalId>10MA1</TimeTableSubjectLocalId>\n    <SchoolLocalId>01991</SchoolLocalId>\n    <StaffPersonalLocalId>SMI009</StaffPersonalLocalId>\n    <RoomNumber>R08</RoomNumber>\n    <DayId>1</DayId>\n    <PeriodId>5</PeriodId>\n    <SessionDate>2016-10-10</SessionDate>\n    <StartTime>12:05:00</StartTime>\n    <FinishTime>13:30:00</FinishTime>\n    <RollMarked>Y</RollMarked>\n  </SessionInfo>\n</SessionInfos>"
      }
    },
    "CalendarDate": {
      "pesc": {
        "summary": "PESC notation for CalendarDate",
        "value": {
          "CalendarDate": {
            "CalendarDateRefId": "B5739375-800A-C4CC-6385-0BB2754114AA",
            "Date": "2007-08-31",
            "CalendarSummaryRefId": "A8A34E56-1C97-345C-0A4E-11BB113C2753",
            "SchoolInfoRefId": "B7A34E56-1C97-345C-0A4E-11BB112B2753",
            "SchoolYear": "2007",
            "CalendarDateType": {
              "Code": "INST"
            },
            "StudentAttendance": {
              "CountsTowardAttendance": "Yes",
              "AttendanceValue": "1.0"
            },
            "TeacherAttendance": {
              "CountsTowardAttendance": "Yes",
              "AttendanceValue": "1.0"
            }
          }
        }
      },
      "goessner": {
        "summary": "Goessner notation for CalendarDate",
        "value": {
          "CalendarDate": {
            "@CalendarDateRefId": "B5739375-800A-C4CC-6385-0BB2754114AA",
            "Date": "2007-08-31",
            "CalendarSummaryRefId": "A8A34E56-1C97-345C-0A4E-11BB113C2753",
            "SchoolInfoRefId": "B7A34E56-1C97-345C-0A4E-11BB112B2753",
            "SchoolYear": "2007",
            "CalendarDateType": {
              "Code": "INST"
            },
            "StudentAttendance": {
              "CountsTowardAttendance": "Yes",
              "AttendanceValue": "1.0"
            },
            "TeacherAttendance": {
              "CountsTowardAttendance": "Yes",
              "AttendanceValue": "1.0"
            }
          }
        }
      },
      "xml": {
        "summary": "XML CalendarDate",
        "value": "<CalendarDate CalendarDateRefId=\"B5739375-800A-C4CC-6385-0BB2754114AA\">\n  <Date>2007-08-31</Date>\n  <CalendarSummaryRefId>A8A34E56-1C97-345C-0A4E-11BB113C2753</CalendarSummaryRefId>\n  <SchoolInfoRefId>B7A34E56-1C97-345C-0A4E-11BB112B2753</SchoolInfoRefId>\n  <SchoolYear>2007</SchoolYear>\n  <CalendarDateType>\n    <Code>INST</Code>\n  </CalendarDateType>\n  <StudentAttendance>\n    <CountsTowardAttendance>Yes</CountsTowardAttendance>\n    <AttendanceValue>1.0</AttendanceValue>\n  </StudentAttendance>\n  <TeacherAttendance>\n    <CountsTowardAttendance>Yes</CountsTowardAttendance>\n    <AttendanceValue>1.0</AttendanceValue>\n  </TeacherAttendance>\n</CalendarDate>"
      }
    },
    "CalendarDates": {
      "pesc": {
        "summary": "PESC notation for CalendarDates",
        "value": {
          "CalendarDates": {
            "CalendarDate": {
              "CalendarDateRefId": "B5739375-800A-C4CC-6385-0BB2754114AA",
              "Date": "2007-08-31",
              "CalendarSummaryRefId": "A8A34E56-1C97-345C-0A4E-11BB113C2753",
              "SchoolInfoRefId": "B7A34E56-1C97-345C-0A4E-11BB112B2753",
              "SchoolYear": "2007",
              "CalendarDateType": {
                "Code": "INST"
              },
              "StudentAttendance": {
                "CountsTowardAttendance": "Yes",
                "AttendanceValue": "1.0"
              },
              "TeacherAttendance": {
                "CountsTowardAttendance": "Yes",
                "AttendanceValue": "1.0"
              }
            }
          }
        }
      },
      "goessner": {
        "summary": "Goessner notation for CalendarDates",
        "value": {
          "CalendarDates": {
            "CalendarDate": {
              "@CalendarDateRefId": "B5739375-800A-C4CC-6385-0BB2754114AA",
              "Date": "2007-08-31",
              "CalendarSummaryRefId": "A8A34E56-1C97-345C-0A4E-11BB113C2753",
              "SchoolInfoRefId": "B7A34E56-1C97-345C-0A4E-11BB112B2753",
              "SchoolYear": "2007",
              "CalendarDateType": {
                "Code": "INST"
              },
              "StudentAttendance": {
                "CountsTowardAttendance": "Yes",
                "AttendanceValue": "1.0"
              },
              "TeacherAttendance": {
                "CountsTowardAttendance": "Yes",
                "AttendanceValue": "1.0"
              }
            }
          }
        }
      },
      "xml": {
        "summary": "XML CalendarDates",
        "value": "<CalendarDates>\n  <CalendarDate CalendarDateRefId=\"B5739375-800A-C4CC-6385-0BB2754114AA\">\n    <Date>2007-08-31</Date>\n    <CalendarSummaryRefId>A8A34E56-1C97-345C-0A4E-11BB113C2753</CalendarSummaryRefId>\n    <SchoolInfoRefId>B7A34E56-1C97-345C-0A4E-11BB112B2753</SchoolInfoRefId>\n    <SchoolYear>2007</SchoolYear>\n    <CalendarDateType>\n      <Code>INST</Code>\n    </CalendarDateType>\n    <StudentAttendance>\n      <CountsTowardAttendance>Yes</CountsTowardAttendance>\n      <AttendanceValue>1.0</AttendanceValue>\n    </StudentAttendance>\n    <TeacherAttendance>\n      <CountsTowardAttendance>Yes</CountsTowardAttendance>\n      <AttendanceValue>1.0</AttendanceValue>\n    </TeacherAttendance>\n  </CalendarDate>\n</CalendarDates>"
      }
    },
    "CalendarSummary": {
      "pesc": {
        "summary": "PESC notation for CalendarSummary",
        "value": {
          "CalendarSummary": {
            "RefId": "B5739375-800A-C4CC-6385-0BB2754114AA",
            "SchoolInfoRefId": "B7A34E56-1C97-345C-0A4E-11BB112B2753",
            "SchoolYear": "2005",
            "LocalId": "123321A",
            "Description": "Elementary School Calendar",
            "DaysInSession": "180",
            "StartDate": "2009-01-01",
            "EndDate": "2009-12-31",
            "FirstInstructionDate": "2009-01-02",
            "LastInstructionDate": "2009-12-20",
            "GraduationDate": "2009-12-10",
            "InstructionalMinutes": "64800",
            "MinutesPerDay": "360",
            "YearLevels": {
              "YearLevel": [
                {
                  "Code": "10"
                },
                {
                  "Code": "11"
                },
                {
                  "Code": "12"
                }
              ]
            }
          }
        }
      },
      "goessner": {
        "summary": "Goessner notation for CalendarSummary",
        "value": {
          "CalendarSummary": {
            "@RefId": "B5739375-800A-C4CC-6385-0BB2754114AA",
            "SchoolInfoRefId": "B7A34E56-1C97-345C-0A4E-11BB112B2753",
            "SchoolYear": "2005",
            "LocalId": "123321A",
            "Description": "Elementary School Calendar",
            "DaysInSession": "180",
            "StartDate": "2009-01-01",
            "EndDate": "2009-12-31",
            "FirstInstructionDate": "2009-01-02",
            "LastInstructionDate": "2009-12-20",
            "GraduationDate": "2009-12-10",
            "InstructionalMinutes": "64800",
            "MinutesPerDay": "360",
            "YearLevels": {
              "YearLevel": [
                {
                  "Code": "10"
                },
                {
                  "Code": "11"
                },
                {
                  "Code": "12"
                }
              ]
            }
          }
        }
      },
      "xml": {
        "summary": "XML CalendarSummary",
        "value": "<CalendarSummary RefId=\"B5739375-800A-C4CC-6385-0BB2754114AA\">\n  <SchoolInfoRefId>B7A34E56-1C97-345C-0A4E-11BB112B2753</SchoolInfoRefId>\n  <SchoolYear>2005</SchoolYear>\n  <LocalId>123321A</LocalId>\n  <Description>Elementary School Calendar</Description>\n  <DaysInSession>180</DaysInSession>\n  <StartDate>2009-01-01</StartDate>\n  <EndDate>2009-12-31</EndDate>\n  <FirstInstructionDate>2009-01-02</FirstInstructionDate>\n  <LastInstructionDate>2009-12-20</LastInstructionDate>\n  <GraduationDate>2009-12-10</GraduationDate>\n  <InstructionalMinutes>64800</InstructionalMinutes>\n  <MinutesPerDay>360</MinutesPerDay>\n  <YearLevels>\n    <YearLevel>\n      <Code>10</Code>\n    </YearLevel>\n    <YearLevel>\n      <Code>11</Code>\n    </YearLevel>\n    <YearLevel>\n      <Code>12</Code>\n    </YearLevel>\n  </YearLevels>\n</CalendarSummary>"
      }
    },
    "CalendarSummarys": {
      "pesc": {
        "summary": "PESC notation for CalendarSummarys",
        "value": {
          "CalendarSummarys": {
            "CalendarSummary": {
              "RefId": "B5739375-800A-C4CC-6385-0BB2754114AA",
              "SchoolInfoRefId": "B7A34E56-1C97-345C-0A4E-11BB112B2753",
              "SchoolYear": "2005",
              "LocalId": "123321A",
              "Description": "Elementary School Calendar",
              "DaysInSession": "180",
              "StartDate": "2009-01-01",
              "EndDate": "2009-12-31",
              "FirstInstructionDate": "2009-01-02",
              "LastInstructionDate": "2009-12-20",
              "GraduationDate": "2009-12-10",
              "InstructionalMinutes": "64800",
              "MinutesPerDay": "360",
              "YearLevels": {
                "YearLevel": [
                  {
                    "Code": "10"
                  },
                  {
                    "Code": "11"
                  },
                  {
                    "Code": "12"
                  }
                ]
              }
            }
          }
        }
      },
      "goessner": {
        "summary": "Goessner notation for CalendarSummarys",
        "value": {
          "CalendarSummarys": {
            "CalendarSummary": {
              "@RefId": "B5739375-800A-C4CC-6385-0BB2754114AA",
              "SchoolInfoRefId": "B7A34E56-1C97-345C-0A4E-11BB112B2753",
              "SchoolYear": "2005",
              "LocalId": "123321A",
              "Description": "Elementary School Calendar",
              "DaysInSession": "180",
              "StartDate": "2009-01-01",
              "EndDate": "2009-12-31",
              "FirstInstructionDate": "2009-01-02",
              "LastInstructionDate": "2009-12-20",
              "GraduationDate": "2009-12-10",
              "InstructionalMinutes": "64800",
              "MinutesPerDay": "360",
              "YearLevels": {
                "YearLevel": [
                  {
                    "Code": "10"
                  },
                  {
                    "Code": "11"
                  },
                  {
                    "Code": "12"
                  }
                ]
              }
            }
          }
        }
      },
      "xml": {
        "summary": "XML CalendarSummarys",
        "value": "<CalendarSummarys>\n  <CalendarSummary RefId=\"B5739375-800A-C4CC-6385-0BB2754114AA\">\n    <SchoolInfoRefId>B7A34E56-1C97-345C-0A4E-11BB112B2753</SchoolInfoRefId>\n    <SchoolYear>2005</SchoolYear>\n    <LocalId>123321A</LocalId>\n    <Description>Elementary School Calendar</Description>\n    <DaysInSession>180</DaysInSession>\n    <StartDate>2009-01-01</StartDate>\n    <EndDate>2009-12-31</EndDate>\n    <FirstInstructionDate>2009-01-02</FirstInstructionDate>\n    <LastInstructionDate>2009-12-20</LastInstructionDate>\n    <GraduationDate>2009-12-10</GraduationDate>\n    <InstructionalMinutes>64800</InstructionalMinutes>\n    <MinutesPerDay>360</MinutesPerDay>\n    <YearLevels>\n      <YearLevel>\n        <Code>10</Code>\n      </YearLevel>\n      <YearLevel>\n        <Code>11</Code>\n      </YearLevel>\n      <YearLevel>\n        <Code>12</Code>\n      </YearLevel>\n    </YearLevels>\n  </CalendarSummary>\n</CalendarSummarys>"
      }
    }
  }
}